<metadata xml:lang="en"><Esri><CreaDate>20171130</CreaDate><CreaTime>11262500</CreaTime><ArcGISFormat>1.0</ArcGISFormat><SyncOnce>FALSE</SyncOnce><DataProperties><itemProps><itemName Sync="TRUE">FairchildSF_New</itemName><imsContentType Sync="TRUE">002</imsContentType><itemLocation><linkage Sync="TRUE">file://\\TFS-26154\D$\Temp\FairchildSF_New.shp</linkage><protocol Sync="TRUE">Local Area Network</protocol></itemLocation><itemSize Sync="TRUE">0.000</itemSize></itemProps><coordRef><type Sync="TRUE">Projected</type><geogcsn Sync="TRUE">GCS_NAD_1983_NSRS2007</geogcsn><csUnits Sync="TRUE">Linear Unit: Meter (1.000000)</csUnits><projcsn Sync="TRUE">NAD_1983_NSRS2007_Texas_Centric_Mapping_System_Albers</projcsn><peXml Sync="TRUE">&lt;ProjectedCoordinateSystem xsi:type='typens:ProjectedCoordinateSystem' xmlns:xsi='http://www.w3.org/2001/XMLSchema-instance' xmlns:xs='http://www.w3.org/2001/XMLSchema' xmlns:typens='http://www.esri.com/schemas/ArcGIS/2.7.0'&gt;&lt;WKT&gt;PROJCS[&amp;quot;NAD_1983_NSRS2007_Texas_Centric_Mapping_System_Albers&amp;quot;,GEOGCS[&amp;quot;GCS_NAD_1983_NSRS2007&amp;quot;,DATUM[&amp;quot;D_NAD_1983_NSRS2007&amp;quot;,SPHEROID[&amp;quot;GRS_1980&amp;quot;,6378137.0,298.257222101]],PRIMEM[&amp;quot;Greenwich&amp;quot;,0.0],UNIT[&amp;quot;Degree&amp;quot;,0.0174532925199433]],PROJECTION[&amp;quot;Albers&amp;quot;],PARAMETER[&amp;quot;False_Easting&amp;quot;,1500000.0],PARAMETER[&amp;quot;False_Northing&amp;quot;,6000000.0],PARAMETER[&amp;quot;Central_Meridian&amp;quot;,-100.0],PARAMETER[&amp;quot;Standard_Parallel_1&amp;quot;,27.5],PARAMETER[&amp;quot;Standard_Parallel_2&amp;quot;,35.0],PARAMETER[&amp;quot;Latitude_Of_Origin&amp;quot;,18.0],UNIT[&amp;quot;Meter&amp;quot;,1.0],AUTHORITY[&amp;quot;EPSG&amp;quot;,3665]]&lt;/WKT&gt;&lt;XOrigin&gt;-17170300&lt;/XOrigin&gt;&lt;YOrigin&gt;-691300&lt;/YOrigin&gt;&lt;XYScale&gt;241217314.52469939&lt;/XYScale&gt;&lt;ZOrigin&gt;-100000&lt;/ZOrigin&gt;&lt;ZScale&gt;10000&lt;/ZScale&gt;&lt;MOrigin&gt;-100000&lt;/MOrigin&gt;&lt;MScale&gt;10000&lt;/MScale&gt;&lt;XYTolerance&gt;0.001&lt;/XYTolerance&gt;&lt;ZTolerance&gt;0.001&lt;/ZTolerance&gt;&lt;MTolerance&gt;0.001&lt;/MTolerance&gt;&lt;HighPrecision&gt;true&lt;/HighPrecision&gt;&lt;WKID&gt;3665&lt;/WKID&gt;&lt;LatestWKID&gt;3665&lt;/LatestWKID&gt;&lt;/ProjectedCoordinateSystem&gt;</peXml></coordRef><lineage><Process ToolSource="c:\program files (x86)\arcgis\desktop10.2\ArcToolbox\Toolboxes\Conversion Tools.tbx\FeatureClassToFeatureClass" Date="20150226" Time="090756">FeatureClassToFeatureClass "E:\GIS\Projects\State Forests\State Forest info (2)\Siecke_shp\Siecke Forest.shp" "E:\GIS\Projects\State Forests\TexasStateForests.mdb" SieckeSF # "Acres "Acres" true true false 8 Long 0 8 ,First,#,E:\GIS\Projects\State Forests\State Forest info (2)\Siecke_shp\Siecke Forest.shp,Acres,-1,-1;Stand_ID "Stand_ID" true true false 9 Long 0 9 ,First,#,E:\GIS\Projects\State Forests\State Forest info (2)\Siecke_shp\Siecke Forest.shp,Stand_ID,-1,-1" #</Process><Process ToolSource="c:\program files (x86)\arcgis\desktop10.2\ArcToolbox\Toolboxes\Data Management Tools.tbx\CalculateField" Date="20150226" Time="115128">CalculateField SieckeSF Acres1 [Acres] VB #</Process><Process ToolSource="c:\program files (x86)\arcgis\desktop10.2\ArcToolbox\Toolboxes\Data Management Tools.tbx\CalculateField" Date="20150226" Time="115205">CalculateField SieckeSF Acres [Acres1] VB #</Process><Process ToolSource="c:\program files (x86)\arcgis\desktop10.2\ArcToolbox\Toolboxes\Conversion Tools.tbx\FeatureClassToFeatureClass" Date="20150304" Time="141129">FeatureClassToFeatureClass "E:\GIS\Projects\State Forests\TexasStateForests.mdb\Forests" "E:\GIS\Projects\State Forests\TexasStateForests.mdb\StateForests" Forests1 # "Shape_Length "Shape_Length" false true true 8 Double 0 0 ,First,#,E:\GIS\Projects\State Forests\TexasStateForests.mdb\Forests,Shape_Length,-1,-1;Shape_Area "Shape_Area" false true true 8 Double 0 0 ,First,#,E:\GIS\Projects\State Forests\TexasStateForests.mdb\Forests,Shape_Area,-1,-1;SFName "SFName" true true false 15 Text 0 0 ,First,#,E:\GIS\Projects\State Forests\TexasStateForests.mdb\Forests,SFName,-1,-1;SFSymbol "SFSymbol" true true false 2 Text 0 0 ,First,#,E:\GIS\Projects\State Forests\TexasStateForests.mdb\Forests,SFSymbol,-1,-1;GIS_Acres "GIS_Acres" true true false 8 Double 0 0 ,First,#,E:\GIS\Projects\State Forests\TexasStateForests.mdb\Forests,GIS_Acres,-1,-1" #</Process><Process ToolSource="c:\program files (x86)\arcgis\desktop10.2\ArcToolbox\Toolboxes\Analysis Tools.tbx\Clip" Date="20150304" Time="150535">Clip "E:\GIS\Projects\State Forests\TexasStateForests.mdb\StateForests\Forests" "E:\GIS\Projects\State Forests\TexasStateForests.mdb\StateForests\Stands" "E:\GIS\Projects\State Forests\TexasStateForests.mdb\StateForests\Forests1" #</Process><Process ToolSource="c:\program files (x86)\arcgis\desktop10.3\ArcToolbox\Toolboxes\Data Management Tools.tbx\CalculateField" Date="20150505" Time="101423">CalculateField Forests SFName "Dimora" VB #</Process><Process ToolSource="c:\program files\arcgis\pro\Resources\ArcToolbox\toolboxes\Data Management Tools.tbx\MultipartToSinglepart" Date="20210115" Time="110753">MultipartToSinglepart FairchildSF E:\ArcGISData\ArcGISProTemplate\FairchildSF_MultipartToSingl.shp</Process><Process ToolSource="c:\program files\arcgis\pro\Resources\ArcToolbox\toolboxes\Data Management Tools.tbx\Dissolve" Date="20210116" Time="054516">Dissolve FairchildSF_MultipartToSingl E:\ArcGISData\ArcGISProTemplate\Default.gdb\FairchildSF_MultipartToSingl1 SFName;SFSymbol;GIS_Acres;PerimeterF # SINGLE_PART DISSOLVE_LINES</Process><Process ToolSource="c:\program files\arcgis\pro\Resources\ArcToolbox\toolboxes\Conversion Tools.tbx\FeatureClassToFeatureClass" Date="20210116" Time="054654">FeatureClassToFeatureClass FairchildSF_MultipartToSingl1 D:\Temp FairchildSF_New.shp # "SFName "SFName" true true false 15 Text 0 0,First,#,FairchildSF_MultipartToSingl1,SFName,0,15;SFSymbol "SFSymbol" true true false 2 Text 0 0,First,#,FairchildSF_MultipartToSingl1,SFSymbol,0,2;GIS_Acres "GIS_Acres" true true false 8 Double 0 0,First,#,FairchildSF_MultipartToSingl1,GIS_Acres,-1,-1;PerimeterF "PerimeterF" true true false 4 Long 0 0,First,#,FairchildSF_MultipartToSingl1,PerimeterF,-1,-1;Shape_Length "Shape_Length" false true true 8 Double 0 0,First,#,FairchildSF_MultipartToSingl1,Shape_Length,-1,-1;Shape_Area "Shape_Area" false true true 8 Double 0 0,First,#,FairchildSF_MultipartToSingl1,Shape_Area,-1,-1" #</Process><Process ToolSource="c:\program files\arcgis\pro\Resources\ArcToolbox\Toolboxes\Data Management Tools.tbx\Rename" Date="20210201" Time="142214">Rename "D:\Plan My Land Operation Case Study\FairchildSF\FairchildSF_New.shp" "D:\Plan My Land Operation Case Study\FairchildSF\FairchildSF.shp" ShapeFile</Process></lineage></DataProperties><SyncDate>20210116</SyncDate><SyncTime>05465400</SyncTime><ModDate>20210116</ModDate><ModTime>05465400</ModTime><ArcGISstyle>FGDC CSDGM Metadata</ArcGISstyle></Esri><dataIdInfo><envirDesc Sync="TRUE">Microsoft Windows 10 Version 10.0 (Build 19041) ; Esri ArcGIS 12.7.0.26828</envirDesc><dataLang><languageCode value="eng" Sync="TRUE"></languageCode><countryCode value="USA" Sync="TRUE"></countryCode></dataLang><idCitation><resTitle Sync="TRUE">FairchildSF_New</resTitle><presForm><PresFormCd value="005" Sync="TRUE"></PresFormCd></presForm></idCitation><spatRpType><SpatRepTypCd value="001" Sync="TRUE"></SpatRepTypCd></spatRpType></dataIdInfo><mdLang><languageCode value="eng" Sync="TRUE"></languageCode><countryCode value="USA" Sync="TRUE"></countryCode></mdLang><distInfo><distFormat><formatName Sync="TRUE">Shapefile</formatName></distFormat><distTranOps><transSize Sync="TRUE">0.000</transSize></distTranOps></distInfo><mdHrLv><ScopeCd value="005" Sync="TRUE"></ScopeCd></mdHrLv><mdHrLvName Sync="TRUE">dataset</mdHrLvName><refSysInfo><RefSystem><refSysID><identCode code="3665" Sync="TRUE"></identCode><idCodeSpace Sync="TRUE">EPSG</idCodeSpace><idVersion Sync="TRUE">6.13(10.0.0)</idVersion></refSysID></RefSystem></refSysInfo><spatRepInfo><VectSpatRep><geometObjs Name="FairchildSF_New"><geoObjTyp><GeoObjTypCd value="002" Sync="TRUE"></GeoObjTypCd></geoObjTyp><geoObjCnt Sync="TRUE">0</geoObjCnt></geometObjs><topLvl><TopoLevCd value="001" Sync="TRUE"></TopoLevCd></topLvl></VectSpatRep></spatRepInfo><spdoinfo><ptvctinf><esriterm Name="FairchildSF_New"><efeatyp Sync="TRUE">Simple</efeatyp><efeageom code="4" Sync="TRUE"></efeageom><esritopo Sync="TRUE">FALSE</esritopo><efeacnt Sync="TRUE">0</efeacnt><spindex Sync="TRUE">FALSE</spindex><linrefer Sync="TRUE">FALSE</linrefer></esriterm></ptvctinf></spdoinfo><eainfo><detailed Name="FairchildSF_New"><enttyp><enttypl Sync="TRUE">FairchildSF_New</enttypl><enttypt Sync="TRUE">Feature Class</enttypt><enttypc Sync="TRUE">0</enttypc></enttyp><attr><attrlabl Sync="TRUE">FID</attrlabl><attalias Sync="TRUE">FID</attalias><attrtype Sync="TRUE">OID</attrtype><attwidth Sync="TRUE">4</attwidth><atprecis Sync="TRUE">0</atprecis><attscale Sync="TRUE">0</attscale><attrdef Sync="TRUE">Internal feature number.</attrdef><attrdefs Sync="TRUE">Esri</attrdefs><attrdomv><udom Sync="TRUE">Sequential unique whole numbers that are automatically generated.</udom></attrdomv></attr><attr><attrlabl Sync="TRUE">Shape</attrlabl><attalias Sync="TRUE">Shape</attalias><attrtype Sync="TRUE">Geometry</attrtype><attwidth Sync="TRUE">0</attwidth><atprecis Sync="TRUE">0</atprecis><attscale Sync="TRUE">0</attscale><attrdef Sync="TRUE">Feature geometry.</attrdef><attrdefs Sync="TRUE">Esri</attrdefs><attrdomv><udom Sync="TRUE">Coordinates defining the features.</udom></attrdomv></attr><attr><attrlabl Sync="TRUE">SFName</attrlabl><attalias Sync="TRUE">SFName</attalias><attrtype Sync="TRUE">String</attrtype><attwidth Sync="TRUE">15</attwidth><atprecis Sync="TRUE">0</atprecis><attscale Sync="TRUE">0</attscale></attr><attr><attrlabl Sync="TRUE">SFSymbol</attrlabl><attalias Sync="TRUE">SFSymbol</attalias><attrtype Sync="TRUE">String</attrtype><attwidth Sync="TRUE">2</attwidth><atprecis Sync="TRUE">0</atprecis><attscale Sync="TRUE">0</attscale></attr><attr><attrlabl Sync="TRUE">GIS_Acres</attrlabl><attalias Sync="TRUE">GIS_Acres</attalias><attrtype Sync="TRUE">Double</attrtype><attwidth Sync="TRUE">19</attwidth><atprecis Sync="TRUE">0</atprecis><attscale Sync="TRUE">0</attscale></attr><attr><attrlabl Sync="TRUE">Shape_Area</attrlabl><attalias Sync="TRUE">Shape_Area</attalias><attrtype Sync="TRUE">Double</attrtype><attwidth Sync="TRUE">19</attwidth><atprecis Sync="TRUE">0</atprecis><attscale Sync="TRUE">0</attscale><attrdef Sync="TRUE">Area of feature in internal units squared.</attrdef><attrdefs Sync="TRUE">Esri</attrdefs><attrdomv><udom Sync="TRUE">Positive real numbers that are automatically generated.</udom></attrdomv></attr><attr><attrlabl Sync="TRUE">Shape_Leng</attrlabl><attalias Sync="TRUE">Shape_Leng</attalias><attrtype Sync="TRUE">Double</attrtype><attwidth Sync="TRUE">19</attwidth><atprecis Sync="TRUE">0</atprecis><attscale Sync="TRUE">0</attscale></attr><attr><attrlabl Sync="TRUE">PerimeterF</attrlabl><attalias Sync="TRUE">PerimeterF</attalias><attrtype Sync="TRUE">Integer</attrtype><attwidth Sync="TRUE">10</attwidth><atprecis Sync="TRUE">10</atprecis><attscale Sync="TRUE">0</attscale></attr></detailed></eainfo><mdDateSt Sync="TRUE">20210116</mdDateSt><mdChar><CharSetCd value="004" Sync="TRUE"></CharSetCd></mdChar></metadata>
